Country,Year,Petroleum Consumption,Refined Products Consumption,Motor Gasoline Consumption,Jet Fuel Consumption,Kerosene Consumption,Distillate Fuel Oil Consumption,Residual Fuel Oil Consumption,LPG Consumption,Other Products Consumption,Production of Crude Oil,NGPL Production
Africa,1980,3.082908,3.082908,NA,NA,NA,NA,NA,NA,NA,12.9789101,0.16135476
Africa,1981,3.296943,3.296943,NA,NA,NA,NA,NA,NA,NA,10.079,0.178
Africa,1982,3.462121,3.462121,NA,NA,NA,NA,NA,NA,NA,9.995,0.208
Africa,1983,3.539121,3.539121,NA,NA,NA,NA,NA,NA,NA,10.024,0.197
Africa,1984,3.682132,3.682132,NA,NA,NA,NA,NA,NA,NA,10.859,0.29
Africa,1985,3.801054,3.801054,NA,NA,NA,NA,NA,NA,NA,11.364,0.285
Africa,1986,3.794859313,3.794859313,0.758072114,0.207975785,0.260993558,1.049051977,1.034577212,0.121598354,0.362590314,11.212,0.314
Africa,1987,3.835313173,3.835313173,0.742382771,0.215104205,0.261205045,1.086214411,0.987668886,0.130674711,0.412063144,11.116,0.339
Africa,1988,3.9784654,3.9784654,0.766256868,0.204123101,0.27768137,1.115819671,1.052294441,0.141453554,0.420836395,11.851,0.361
Africa,1989,4.131469415,4.131469415,0.80089479,0.221781649,0.258321831,1.176470925,1.066329094,0.149369799,0.458301327,12.64,0.386
Africa,1990,4.32105444,4.32105444,0.818429937,0.222700136,0.263191462,1.20979611,1.174205986,0.153359733,0.479371077,13.619,0.386
Africa,1991,4.409043574,4.409043574,0.928070754,0.236642136,0.283457758,1.203471372,1.170541239,0.160280264,0.426580051,14.093,0.413
Africa,1992,4.482043455,4.482043455,0.945975568,0.249137051,0.268831304,1.272698445,1.143597096,0.174632812,0.42717118,14.304,0.36
Africa,1993,4.497086621,4.497086621,0.93010114,0.247949909,0.256999161,1.274704554,1.130632329,0.189612579,0.467086951,14.063,0.391
Africa,1994,4.549088504,4.549088504,0.931208623,0.258711569,0.259112544,1.299379503,1.179095741,0.156053477,0.465527047,14.077,0.382
Africa,1995,4.672088504,4.672088504,0.964063952,0.2589184,0.260071015,1.333966611,1.11089918,0.174734159,0.569435188,14.639,0.388
Africa,1996,4.796088263,4.796088263,0.951898327,0.24012022,0.316649021,1.338467108,1.056186378,0.165576931,0.727190279,15.061,0.416
Africa,1997,4.923088504,4.923088504,0.950220414,0.284373989,0.230552754,1.433931789,1.131177218,0.208117254,0.684715086,15.546,0.473
Africa,1998,4.980088504,4.980088504,0.973846718,0.299526654,0.253142493,1.408202355,1.158943754,0.230879777,0.655546754,15.482,0.502
Africa,1999,5.068088504,5.068088504,0.964986854,0.281521624,0.227894027,1.475478516,1.200708337,0.218110485,0.699388662,15.311,0.577
Africa,2000,5.260770735,5.260770735,1.075076783,0.284450405,0.265076923,1.643455348,1.037269256,0.286243512,0.669198507,15.8173619,0.603704071
Africa,2001,5.372502256,5.372502256,1.127204693,0.270857601,0.271198935,1.706705227,1.028007512,0.304120841,0.664407447,15.74794892,0.667135865
Africa,2002,5.548294942,5.548294942,1.140543795,0.290059453,0.263443793,1.787852806,0.946276324,0.32164485,0.798473921,15.88649669,0.702816979
Africa,2003,5.653026897,5.653026897,1.155793684,0.307132503,0.229443297,1.933846664,1.00074947,0.301681711,0.724379568,16.91189706,0.700074742
Africa,2004,5.837564845,5.837564845,1.22084319,0.33163745,0.21254063,2.014993301,1.060687697,0.319407872,0.677454706,18.44679533,0.696805611
Africa,2005,6.115095162,6.115095162,1.275653282,0.346672022,0.244591326,2.059678376,1.084592779,0.330487712,0.773419665,19.8702426,0.812324526
Africa,2006,6.198901689,6.198901689,1.260522283,0.361588949,0.231200895,2.151498022,1.079756207,0.352388734,0.761946599,19.76285094,1.064940463
Africa,2007,6.303209725,6.303209725,1.291438607,0.390419587,0.232905796,2.243622831,0.998524309,0.387486089,0.758812506,20.33694725,1.075763212
Africa,2008,6.74164591,6.74164591,1.381341801,0.422291123,0.217864753,2.378215024,1.011159926,0.42751475,0.903258533,20.65524369,1.019670169
Africa,2009,6.738756891,6.738756891,1.480530355,0.415764042,0.179613604,2.553326299,0.942913457,0.45280439,0.713804743,20.13460659,1.161337372
Africa,2010,7.148938943,7.148938943,1.544916534,0.395127269,0.221816003,2.651065839,0.953824806,0.462007739,0.920180753,20.47973788,1.316503921
Africa,2011,6.964942712,6.964942712,1.575041083,0.395340143,0.201187438,2.704984413,0.874661343,0.463426734,0.750301557,17.72910289,1.1145827
Africa,2012,7.45104326,7.45104326,1.655241999,0.399619484,0.229158091,2.84479812,1.140186163,0.404935212,0.777104191,19.02203162,1.29702183
Africa,2013,7.778637039,7.778637039,1.710108901,0.42688914,0.219785983,3.09587621,1.074547374,0.406797495,0.844631936,17.73174012,1.150804095
Africa,2014,7.936012377,7.936012377,1.667343925,0.428003749,0.218751038,3.164519019,0.936736883,0.549657763,0.971,16.71241893,1.133640635
Africa,2015,8.158222083,8.158222083,NA,NA,NA,NA,NA,NA,NA,16.31653034,1.256417655
Africa,2016,NA,NA,NA,NA,NA,NA,NA,NA,NA,15.37897441,1.239786572
Asia & Oceania,1980,23.072481,23.072481,1.682433558,0.28638036,0.90479592,2.118977496,5.356825776,0.010772452,2.970814438,10.34184935,0.262144499
Asia & Oceania,1981,22.423447,22.423447,1.696294795,0.28352835,0.9602712,2.13638661,4.57115196,0.001299035,2.93106805,10.251,0.288
Asia & Oceania,1982,21.819499,21.819499,1.70552382,0.22972005,0.90025425,2.12162382,3.48343809,0.001299035,3.571140935,9.917,0.258
Asia & Oceania,1983,21.663513,21.663513,1.70552382,0.21730275,0.86300235,2.14271352,3.90567301,0.001299035,2.791485515,10.522,0.282
Asia & Oceania,1984,22.544972,22.544972,1.743512004,0.341788734,0.985937022,2.319878556,3.274382766,0.916374879,2.634126039,11.491,0.265
Asia & Oceania,1985,22.330174,22.330174,1.770126995,0.356169555,0.93792006,2.35571949,2.811074875,0.89594444,2.538044586,12.166,0.247
Asia & Oceania,1986,23.04017795,23.04017795,3.218161018,0.962520573,1.682492991,5.543901741,6.034265236,1.154860691,4.4439757,12.647,0.217
Asia & Oceania,1987,23.86161007,23.86161007,3.382806824,0.924902011,1.719449918,5.972693831,6.113658573,1.225307411,4.522791502,12.62,0.223
Asia & Oceania,1988,25.7276309,25.7276309,3.585674953,1.021693042,1.854166964,6.491097726,6.541731454,1.216327889,5.016938874,12.893,0.236
Asia & Oceania,1989,27.2895452,27.2895452,3.848318845,1.120562131,1.872314559,6.936071327,6.888549927,1.373306222,5.250422185,13.241,0.288
Asia & Oceania,1990,28.65301988,28.65301988,4.031607281,1.195479841,1.951667728,7.385152636,7.152134803,1.423705195,5.513272393,13.668,0.295
Asia & Oceania,1991,29.95496909,29.95496909,4.231877124,1.236894393,1.957159548,7.895502287,7.386482986,1.453472452,5.7935803,14.073,0.295
Asia & Oceania,1992,31.39264675,31.39264675,4.380194382,1.263100096,2.075265114,8.386902415,7.438281215,1.559289867,6.289613664,14.024,0.322
Asia & Oceania,1993,32.91449296,32.91449296,4.702023885,1.42661211,2.132104125,8.991237295,7.741675472,1.659180998,6.261659079,14.124,0.344
Asia & Oceania,1994,35.10749966,35.10749966,4.927308178,1.53946779,2.206063365,9.595384726,8.025986205,1.721746919,7.09154248,14.426,0.386
Asia & Oceania,1995,36.88644544,36.88644544,5.07333411,1.801269939,2.291182474,10.39171471,8.134015726,1.837255419,7.357673062,14.89,0.408
Asia & Oceania,1996,38.5780078,38.5780078,5.367614088,1.793747458,2.472473915,10.76258258,7.773740433,2.034887678,8.372961649,15.28,0.476
Asia & Oceania,1997,40.143542,40.143542,5.639857178,1.9184174,2.383080307,11.69443993,8.582225386,2.121861955,7.803659843,15.492,0.587
Asia & Oceania,1998,39.554201,39.554201,5.641685283,1.76328579,2.378126494,10.81969117,8.307508634,2.123601168,8.520302453,15.5,0.69
Asia & Oceania,1999,41.55415714,41.55415714,5.944796806,1.842997552,2.684430258,11.81481014,8.213225646,2.285545987,8.768350748,15.503,0.689
Asia & Oceania,2000,42.70621323,42.70621323,6.162950706,1.889897133,2.661102064,12.15091149,8.413872954,2.439369919,8.988108962,16.00461052,0.66335589
Asia & Oceania,2001,42.87161037,42.87161037,6.268023331,1.953940669,2.586238276,12.27969867,7.907205162,2.477278723,9.39922553,15.79827282,0.683476512
Asia & Oceania,2002,43.98440889,43.98440889,6.525897277,2.070761082,2.482880413,12.61331207,7.966526262,2.525990595,9.799041195,15.785888,0.739790046
Asia & Oceania,2003,45.92503395,45.92503395,6.793629609,2.084675151,2.434919243,13.14230257,8.338182171,2.710830489,10.42049471,15.5647342,0.778745225
Asia & Oceania,2004,48.74450042,48.74450042,7.181725936,2.385624697,2.244284771,14.22484519,8.410493224,2.823413946,11.47411266,15.83677424,0.695922208
Asia & Oceania,2005,49.9174947,49.9174947,7.288708175,2.506476123,2.345331316,14.50432472,8.293790351,2.78219347,12.19667055,15.97191643,0.719644051
Asia & Oceania,2006,51.08029318,51.08029318,7.388825477,2.660172553,2.10001457,14.39287523,8.521582778,3.01917404,12.99764854,16.0374315,0.719981143
Asia & Oceania,2007,52.84308406,52.84308406,7.793171455,2.74877545,1.506320267,15.01022461,8.560805891,3.191428948,14.03235744,15.94044504,0.718068988
Asia & Oceania,2008,52.39362196,52.39362196,7.860966123,2.805300641,1.754789034,15.40267557,7.778940729,3.119443597,13.67150627,16.18148797,0.728871203
Asia & Oceania,2009,53.10751271,53.10751271,8.532256642,2.841304504,1.601441762,15.65744738,7.333175068,3.051718003,14.09016935,16.07860429,0.740322876
Asia & Oceania,2010,56.75808724,56.75808724,9.092518577,3.11377996,1.525343669,16.48597625,7.794807205,3.497203005,15.24845857,16.72659696,0.81480565
Asia & Oceania,2011,58.33909996,58.33909996,9.518109447,3.25819249,1.408984318,17.17773172,7.192125384,3.627247105,16.15670949,16.36727309,0.844455701
Asia & Oceania,2012,60.83004152,60.83004152,10.11847529,3.4417152,1.367677567,18.17274684,7.268387846,3.753098441,16.70794034,16.44355917,0.869017842
Asia & Oceania,2013,61.89542656,61.89542656,11.05367803,3.667401013,1.263976793,18.24354845,6.772790349,3.930746515,16.9632854,16.32071979,0.80236926
Asia & Oceania,2014,63.12764035,63.12764035,11.50017617,3.781781249,1.180667571,18.41324507,6.479221426,4.107548862,17.665,16.39944854,0.829137508
Asia & Oceania,2015,65.53137734,65.53137734,2.725834254,1.05919569,0.66420081,3.703073976,1.454145378,0.987473022,5.373,16.63753336,0.783088522
Asia & Oceania,2016,NA,NA,NA,NA,NA,NA,0.066730218,NA,NA,15.93455468,0.804513262
Central & South America,1980,7.568104,7.568104,0.04627155,0.00622566,0.0103761,0.0528687,0.05966363,NA,0.044527772,8.131042458,0.162394566
Central & South America,1981,7.373538,7.373538,0.049836735,0.0082782,0.0082782,0.04639734,0.052779365,NA,0.032545895,8.125,0.152
Central & South America,1982,7.062794,7.062794,0.046145125,0.00620865,0.0082782,0.04850631,0.052779365,NA,0.02408235,7.672,0.164
Central & South America,1983,6.674601,6.674601,0.049836735,0.00620865,0.0082782,0.05694219,0.048321882,NA,0.03595486,7.61,0.151
Central & South America,1984,6.78155,6.78155,0.04627155,0.006848226,0.006640704,0.061327692,0.0458951,0.018236316,0.01735363,7.988,0.17
Central & South America,1985,6.656784,6.656784,0.04429932,0.00662256,0.005173875,0.0632691,1.803427784,0.01818649,0.014553555,7.938,0.189
Central & South America,1986,7.163937172,7.163937172,1.606404092,0.284977035,0.183809049,1.852696254,1.86442641,0.293279677,1.139343282,8.408,0.26
Central & South America,1987,7.361228001,7.361228001,1.647934704,0.302613161,0.184211039,1.949076183,1.828617276,0.358962407,1.054004099,8.161,0.269
Central & South America,1988,7.437968151,7.437968151,1.666701231,0.294888762,0.182875463,2.005164994,1.832341697,0.408188658,1.051531766,8.74,0.274
Central & South America,1989,7.465264865,7.465264865,1.706631303,0.281276804,0.164638352,2.009388127,1.803389805,0.411029418,1.059959164,8.816,0.276
Central & South America,1990,7.781352012,7.781352012,1.442681188,0.223853228,0.233595738,2.012800968,1.768735104,0.434922556,1.630108529,9.537,0.288
Central & South America,1991,7.90438548,7.90438548,1.529803184,0.218058488,0.230934069,2.059830999,1.786296579,0.456245488,1.640778149,10.022,0.3
Central & South America,1992,8.111544159,8.111544159,1.581610126,0.211998975,0.233549541,2.222890204,1.704211623,0.475789295,1.599409438,10.236,0.307
Central & South America,1993,8.381137328,8.381137328,1.642688067,0.208067559,0.244036774,2.327190615,1.781702041,0.451676228,1.803266463,10.643,0.363
Central & South America,1994,8.764391656,8.764391656,1.718361015,0.232233099,0.253332355,2.411858538,1.865280314,0.529790224,1.837114384,11.175,0.394
Central & South America,1995,9.196110265,9.196110265,1.781113328,0.228659757,0.259463256,2.538399413,1.854155581,0.53561728,1.987576916,12.109,0.406
Central & South America,1996,9.608756395,9.608756395,1.961656824,0.266101809,0.255070627,2.640634704,1.862407121,0.57179033,2.05934652,12.956,0.411
Central & South America,1997,10.08182986,10.08182986,1.957895934,0.251986522,0.255980965,2.801858879,1.973902932,0.572371171,2.379329268,13.982,0.386
Central & South America,1998,10.43044598,10.43044598,1.946505041,0.269228201,0.256360132,2.990474447,1.827076387,0.552518352,2.441456873,14.213,0.396
Central & South America,1999,10.66390759,10.66390759,1.922153058,0.263149973,0.247539046,3.024053294,1.858792234,0.646061355,2.733874479,13.879,0.439
Central & South America,2000,10.80147639,10.80147639,2.519407969,0.585993026,0.117249533,3.04026364,1.941808214,0.670300699,2.009469288,14.60009904,0.460181315
Central & South America,2001,10.99441576,10.99441576,2.336817457,0.46454149,0.113883775,3.152439706,1.931317778,0.657934547,2.326990565,14.28076584,0.504356196
Central & South America,2002,10.71424647,10.71424647,1.885497791,0.367460035,0.111743157,3.150208967,1.834011073,0.667751279,2.600267465,13.55998316,0.515164077
Central & South America,2003,10.66871089,10.66871089,1.970415576,0.397077158,0.112471585,3.190584955,1.948325654,0.611339762,2.552810782,13.00855817,0.503115249
Central & South America,2004,11.17003999,11.17003999,1.957011587,0.373804109,0.088122806,3.479194611,2.034240947,0.696961519,2.626619704,13.61750532,0.566608894
Central & South America,2005,11.54499378,11.54499378,2.067636468,0.432916067,0.087288994,3.599477622,2.05994202,0.693308118,2.630125561,13.89571219,0.671310581
Central & South America,2006,11.7459198,11.7459198,1.985594243,0.449965306,0.078377926,3.727750084,1.936513245,0.796018842,2.648271383,13.97788236,0.634934833
Central & South America,2007,12.04916712,12.04916712,2.112057902,0.473069124,0.081801624,3.997915625,2.115760242,0.811259191,2.63655041,13.84030468,0.658807145
Central & South America,2008,12.65667793,12.65667793,2.097839115,0.467957168,0.062872838,4.180536898,1.884632044,0.707279908,3.024431758,14.1094876,0.724698986
Central & South America,2009,12.71618708,12.71618708,2.20941751,0.420230689,0.061708018,4.030787054,2.009406408,0.792572391,3.316839374,14.45838976,0.76596651
Central & South America,2010,13.49940545,13.49940545,2.384476402,0.56294358,0.074992083,4.40632822,1.957344135,0.818432102,3.242826653,14.63169219,0.803523071
Central & South America,2011,13.75489504,13.75489504,2.516585086,0.566303684,0.05553776,4.590986374,1.998914466,0.831393565,3.236744437,15.14168376,0.811473116
Central & South America,2012,14.41424113,14.41424113,2.82374649,0.63799993,0.046993052,4.829235634,1.833001806,0.876859686,3.200491872,15.0728769,0.786708843
Central & South America,2013,14.50412068,14.50412068,2.727309062,0.54918334,0.042085178,4.861319556,1.822718997,0.845226557,3.645995183,15.10041736,0.818575746
Central & South America,2014,15.03227834,15.03227834,2.905245988,0.564379972,0.039401681,5.034909588,0.044694283,0.934622117,3.731,15.63230008,0.814244746
Central & South America,2015,14.70429436,14.70429436,0.136139497,0.0466074,0.00633906,0.338001444,NA,0.044199221,0.055,16.01423305,0.790828144
Central & South America,2016,NA,NA,NA,NA,NA,NA,NA,NA,NA,15.3793291,0.807513461
Eurasia,1980,18.733,18.733,NA,NA,NA,NA,NA,NA,NA,25.19224848,0.4328865
Eurasia,1981,18.702,18.702,NA,NA,NA,NA,NA,NA,NA,25.432,0.454
Eurasia,1982,18.978,18.978,NA,NA,NA,NA,NA,NA,NA,25.566,0.477
Eurasia,1983,18.695,18.695,NA,NA,NA,NA,NA,NA,NA,25.694,0.5
Eurasia,1984,18.663,18.663,NA,NA,NA,NA,NA,NA,NA,25.526,0.516
Eurasia,1985,18.674,18.674,NA,NA,NA,NA,7.175698885,NA,NA,24.864,0.53
Eurasia,1986,19.09,19.09,3.0640363,NA,1.45489365,3.31530084,7.033424075,0.388411465,3.69165886,25.529,0.666
Eurasia,1987,19.134,19.134,3.09356918,0.85886325,0.5753349,3.3954417,6.482035314,0.35333752,3.824029375,25.862,0.651
Eurasia,1988,18.823,18.823,3.529593834,1.2243798,0.38184048,3.12982704,6.36106086,0.33867444,3.736649092,25.939,0.684
Eurasia,1989,18.296,18.296,2.87207258,1.22724315,0.18418995,3.72865896,6.427608755,0.928810025,2.993964475,25.143,0.644
Eurasia,1990,17.536,17.536,3.243079385,1.1341134,0.18418995,3.95853669,6.413840225,0.908025465,1.680446355,23.555,0.644
Eurasia,1991,17.447,17.447,3.073265325,0.951993,0.1490076,3.91213935,4.713914641,0.94829555,1.99845895,21.445,0.636
Eurasia,1992,14.37907589,14.37907589,2.203238817,0.852479964,0.278969273,3.290549044,3.559422772,0.40962524,2.630298909,18.381,0.46345567
Eurasia,1993,11.85544691,11.85544691,1.880627502,0.695558745,0.255669874,3.552970203,2.931109423,0.277535332,1.633662482,16.26,0.459454425
Eurasia,1994,10.17912641,10.17912641,1.671520552,0.545218695,0.151112239,3.097721583,3.293375793,0.265854691,1.516589223,15.01385848,0.433454425
Eurasia,1995,9.640234404,9.640234404,1.674392928,0.544895505,0.110542673,2.364981624,2.959832839,0.318856742,1.333189139,14.753,0.416454425
Eurasia,1996,8.408088287,8.408088287,1.531766311,0.518058828,0.049866855,1.610275442,2.703460296,0.304867494,1.433420517,14.58186083,0.43445567
Eurasia,1997,8.122393785,8.122393785,1.461250492,0.429913575,0.039590535,1.769862069,2.54088162,0.298577763,1.419739054,14.844,0.45530295
Eurasia,1998,7.923964059,7.923964059,1.56691145,0.54219942,0.034532895,1.617938226,2.364336373,0.24516763,1.376332818,14.88585848,0.49030295
Eurasia,1999,7.708460849,7.708460849,1.532807042,0.506577645,0.030689952,1.631210292,2.010435484,0.281472311,1.361367235,15.66385848,0.50130295
Eurasia,2000,7.727765109,7.727765109,1.513790699,0.510230826,0.033871446,1.802978676,1.932843845,0.260535171,1.595922806,16.80672797,0.532977578
Eurasia,2001,7.774119161,7.774119161,1.658225699,0.51028866,0.017352581,2.173906053,2.00139415,0.379252734,1.102249588,17.97638048,0.568088811
Eurasia,2002,7.854203775,7.854203775,1.701852438,0.546317087,0.016023193,1.871901549,1.62619542,0.382197807,1.334517551,19.35288642,0.59242495
Eurasia,2003,8.005077052,8.005077052,1.660321826,0.536099747,0.016938671,1.704186432,1.549096682,0.421375279,2.039959677,21.16380419,0.809742605
Eurasia,2004,8.226295153,8.226295153,1.721407857,0.577798628,0.016122305,1.788842221,1.631460783,0.423957691,2.149069769,23.04351085,0.9209182
Eurasia,2005,8.350297023,8.350297023,1.747911594,0.591719612,0.01986768,1.861431813,1.531796115,0.448917996,2.048987545,23.86916486,0.927114565
Eurasia,2006,8.440005733,8.440005733,1.853499226,0.573691847,0.023944694,1.980883296,1.164050624,0.477275144,1.998915412,24.74423876,0.976583603
Eurasia,2007,8.699976849,8.699976849,1.955321921,0.620835062,0.05132484,1.953177786,0.914199449,0.491524593,2.463742023,25.69971617,1.009379857
Eurasia,2008,8.598991748,8.598991748,2.005324019,0.644834397,0.013920984,2.12960786,1.084205724,0.505945305,2.385159733,25.6222279,1.031356726
Eurasia,2009,8.27601305,8.27601305,1.983921784,0.588215552,0.017177265,1.997913951,0.966026847,0.539093536,2.065485238,26.33609436,1.059566509
Eurasia,2010,8.700675109,8.700675109,2.052474476,0.673343685,0.011796435,2.032579062,1.249636561,0.543984253,2.420470351,26.97838574,1.127446718
Eurasia,2011,9.405673845,9.405673845,2.082904974,0.71659161,0.012645404,2.25087768,1.191279361,0.613770904,2.479246712,27.14354434,1.195873877
Eurasia,2012,9.348643258,9.348643258,2.1136308,0.733792122,0.013073886,2.092343227,1.002987115,0.647893172,2.55663069,27.3731592,1.261693815
Eurasia,2013,9.320392074,9.320392074,2.127871818,0.6572664,0.01945377,2.123293662,0.746153943,0.705208732,2.684310578,27.62851068,1.284879554
Eurasia,2014,9.574512689,9.574512689,2.165174424,0.627974046,0.016304425,2.093537662,0.005438255,0.776368189,3.149,27.82377122,1.329542318
Eurasia,2015,9.335111868,9.335111868,0.009183512,0.0046494,NA,0.04694625,NA,0.003715596,0.006,28.16576262,1.401352122
Eurasia,2016,NA,NA,NA,NA,NA,NA,9.988823322,NA,NA,28.69203005,1.27994715
Europe,1980,34.213,34.213,4.915889472,0.92762334,0.2801547,9.905479632,8.359792465,0.043382893,5.866646641,6.02246961,0.25592369
Europe,1981,30.329,30.329,4.800938805,0.9147411,0.30008475,8.90407134,8.332255405,0.006495175,4.903876365,6.381216664,0.259149993
Europe,1982,29.633,29.633,4.889537445,0.8526546,0.22144185,8.8365843,7.28355237,0.006495175,4.365031225,7.110649992,0.299979952
Europe,1983,28.766,28.766,4.919070325,0.87128055,0.22558095,8.76909726,6.515860631,0.006495175,4.64892337,7.971866656,0.375170017
Europe,1984,28.916,28.916,4.902933438,0.981164016,0.162535086,9.07713284,5.842905181,0.87065383,4.266720159,8.509434515,0.416170007
Europe,1985,28.734,28.734,4.867941527,1.019253375,0.175013055,9.418449123,6.699307747,0.881525151,4.350912589,8.790216664,0.443170017
Europe,1986,29.568,29.568,5.353941983,1.108675779,0.209328422,10.40945413,6.483830253,0.929069832,4.858222111,9.050158165,0.484170017
Europe,1987,29.781,29.781,5.506036315,1.176953085,0.222562526,10.41767911,6.385893745,1.041998682,4.931940032,9.092158165,0.50810011
Europe,1988,30.225,30.225,5.72064427,1.255715622,0.209444687,10.4671567,6.302085657,1.01554499,5.170599986,8.978121509,0.527170007
Europe,1989,30.214,30.214,5.815946975,1.371418719,0.175218196,10.16671168,6.238979894,1.009912517,5.372706258,8.729121177,0.481657256
Europe,1990,30.473,30.473,5.975055366,1.383008199,0.17287263,10.30295114,6.038043099,1.037431274,5.362701496,9.021121177,0.429494685
Europe,1991,30.638,30.638,5.970440853,1.343848741,0.197426565,10.67750421,5.999329002,1.126339023,5.284397506,9.456080785,0.464262208
Europe,1992,31.14035465,31.14035465,6.165998077,1.445141116,0.213646734,10.83580003,5.796758601,1.216315338,5.264124348,10.0060405,0.501262926
Europe,1993,30.95452282,30.95452282,6.113961042,1.49865825,0.208517085,10.91067829,5.745180053,1.260734383,5.165215167,10.45312871,0.523202659
Europe,1994,31.22810692,31.22810692,6.072415258,1.58179179,0.213223185,10.76277883,5.781311442,1.333843594,5.518874215,12.11926676,0.661199806
Europe,1995,31.93915098,31.93915098,6.080964117,1.659541153,0.20278755,11.08690729,5.610538918,1.324094181,5.803545249,12.69126678,0.759944759
Europe,1996,32.69802604,32.69802604,6.139806863,1.742849002,0.231424452,11.7094891,5.524848995,1.339721842,5.924195859,13.57004262,0.755267817
Europe,1997,32.9463579,32.9463579,6.154796317,1.818085693,0.23384781,11.6430109,5.573598393,1.346860051,6.224908137,13.56305526,0.710436628
Europe,1998,33.5590729,33.5590729,6.147749387,1.959352752,0.243544558,11.92701405,5.216713694,1.372095932,6.335717835,13.47804251,0.703256299
Europe,1999,33.23680471,33.23680471,6.118145709,2.066015209,0.240670124,11.96161271,5.064418663,1.390986948,6.242660312,13.5766914,0.687256299
Europe,2000,33.05019942,33.05019942,5.868984285,2.152597696,0.235153384,12.07034485,5.110623713,1.457362809,6.201337732,13.31312102,0.686328793
Europe,2001,33.36239357,33.36239357,5.777018189,2.086515094,0.258970049,12.58110098,5.091193739,1.48285735,6.065308199,13.23784183,0.815257774
Europe,2002,33.3073185,33.3073185,5.706129163,2.069405869,0.228780134,12.53034992,4.930664625,1.530528376,6.150931301,13.15826793,0.753543769
Europe,2003,33.57747378,33.57747378,5.516279269,2.127778519,0.237321989,12.88894704,4.604040514,1.499339079,6.377143257,12.58122993,0.82465015
Europe,2004,33.8974411,33.8974411,5.333049493,2.260661773,0.247709429,13.1515219,4.459589145,1.542161679,6.758296317,11.92028859,0.740316065
Europe,2005,33.78655059,33.78655059,5.106786165,2.371395739,0.246464864,13.33520798,4.418182963,1.593901709,6.673204982,10.87047261,0.766086822
Europe,2006,34.06975723,34.06975723,4.995011294,2.437037488,0.252097782,13.62299861,4.2015298,1.599097849,6.745331246,9.985071298,0.762798684
Europe,2007,33.57553305,33.57553305,4.826673878,2.533767132,0.229057737,13.46915069,4.054671138,1.570084881,6.745268927,9.482802616,0.737387206
Europe,2008,33.4351156,33.4351156,4.603991917,2.531876482,0.244329827,13.84358531,3.579374567,1.576926703,6.555734216,8.99780804,0.73025501
Europe,2009,31.71476547,31.71476547,4.470699006,2.34333966,0.253410614,13.34498725,3.310831649,1.546020703,6.151933675,8.480695506,0.697545138
Europe,2010,31.679228,31.679228,4.249230219,2.327827873,0.265572764,13.64190711,3.11445406,1.541627117,6.342231267,7.866960814,0.656456802
Europe,2011,30.65113659,30.65113659,4.104630361,2.388569772,0.229621902,13.33352659,2.861877607,1.523381904,5.956952002,7.158634324,0.61827891
Europe,2012,29.75138685,29.75138685,3.853862834,2.340642671,0.214652315,13.16197083,2.638793154,1.439624753,5.878755837,6.528473952,0.6230177
Europe,2013,29.21446023,29.21446023,3.709602806,2.370886232,0.223277399,13.18516777,2.443876448,1.575195605,5.511537265,6.139794574,0.611522534
Europe,2014,28.94932981,28.94932981,3.704476677,2.452727636,0.218260867,13.07267654,2.040326397,1.642311636,5.415,6.173529862,0.652265252
Europe,2015,29.58733099,29.58733099,3.476970692,2.53637244,0.20592306,13.04787382,NA,1.635773344,5.254,6.465453508,0.659869082
Europe,2016,NA,NA,NA,NA,NA,NA,NA,NA,NA,6.525426851,0.694062928
Middle East,1980,4.36,4.36,0.03701724,0.02490264,0.00830088,0.050753952,0.19558857,0.000521038,0.05391568,39.81029031,0.83658084
Middle East,1981,4.659,4.659,0.035070295,0.0206955,0.00620865,0.04639734,0.199643685,NA,0.04898453,33.894,0.936
Middle East,1982,4.94,4.94,0.038761905,0.0372519,,0.04428837,0.17440138,NA,0.058296445,27.159,0.959
Middle East,1983,5.504,5.504,0.042453515,0.02276505,0.0082782,0.05061528,0.149159075,NA,0.05272888,24.968,0.87
Middle East,1984,5.597,5.597,0.040718964,NA,0.02905308,0.040180212,0.131159394,0.005601154,0.023287196,24.476,0.955
Middle East,1985,5.948,5.948,0.042453515,NA,0.0289737,0.03796146,0.149159075,0.005326044,0.019126207,22.113,1.022
Middle East,1986,6.302,6.302,0.843532885,0.21730275,0.369984505,1.731042576,2.186482562,0.123927939,0.829726784,26.749,1.112
Middle East,1987,6.472,6.472,0.868451253,0.218751435,0.409563945,1.818564831,2.198834241,0.128864272,0.828970024,27.751,1.143
Middle East,1988,6.674,6.674,0.881935743,0.243215784,0.379869021,1.892065036,2.290687311,0.155138945,0.83108816,31.206,1.28
Middle East,1989,6.897,6.897,0.951143317,0.26779977,0.413833427,1.941095988,2.345698561,0.173940787,0.803488151,34.335,1.354
Middle East,1990,7.245,7.245,0.993596832,0.30919077,0.411778364,1.977370272,2.329635276,0.465574144,0.757854343,35.496,1.474
Middle East,1991,7.343,7.343,1.014454428,0.309397725,0.338371425,2.064048939,2.275708534,0.469990863,0.871028087,34.656,1.473
Middle East,1992,7.731593759,7.731593759,1.136019651,0.29904714,0.35459613,2.182638344,2.350724389,0.546517193,0.862050912,37.44,1.584
Middle East,1993,8.077269537,8.077269537,1.147921301,0.32068953,0.324718065,2.288639799,2.422752033,0.617680466,0.954868344,39.269,1.646
Middle East,1994,8.483666552,8.483666552,1.235318903,0.373480065,0.404333369,2.251909053,2.490142386,0.626214948,1.102267829,40.133,2.089
Middle East,1995,8.543203343,8.543203343,1.256300396,0.292540815,0.48218247,2.349360801,2.380710864,0.658455929,1.123652069,40.794,2.17
Middle East,1996,8.675651192,8.675651192,1.245756551,0.358178436,0.386412751,2.365974284,2.316432576,0.698277935,1.304618658,41.321,2.171
Middle East,1997,9.089994668,9.089994668,1.310407768,0.279987435,0.484752773,2.388789873,2.393798245,0.720302451,1.511956123,42.796,2.264
Middle East,1998,9.336924862,9.336924862,1.459227692,0.309664215,0.41208487,2.439188478,2.5223444,0.716054785,1.478360422,45.465,2.368
Middle East,1999,9.490221063,9.490221063,1.472421405,0.29152305,0.154411734,2.450602917,2.712434989,0.304748273,2.104078696,44.047,2.375
Middle East,2000,10.29462346,10.29462346,1.613175768,0.433895049,0.454697825,2.703520333,2.47807022,0.383034784,2.22822948,46.96919142,2.47633411
Middle East,2001,10.69603632,10.69603632,1.703934,0.434440957,0.451087963,2.783192137,2.531962924,0.528777267,2.262641067,44.96217121,2.740983177
Middle East,2002,10.86850205,10.86850205,1.819236989,0.476251253,0.401561817,2.837113737,2.573535407,0.542963225,2.21783962,42.13516991,2.889820617
Middle East,2003,11.09907596,11.09907596,1.85288121,0.489011418,0.406773511,2.910285617,2.71113288,0.457542164,2.271449165,44.80511864,3.154723601
Middle East,2004,11.82918958,11.82918958,1.987644545,0.473757927,0.415490172,3.151065119,2.816152604,0.466574079,2.518505139,48.44318843,3.810549075
Middle East,2005,12.55814135,12.55814135,2.146128751,0.470494445,0.407668804,3.311172372,2.88303528,0.472224614,2.867417081,49.90902678,4.22634712
Middle East,2006,13.00547036,13.00547036,2.24945919,0.505345044,0.399811545,3.54209792,2.935688577,0.469982812,2.903085273,49.13775468,4.286554945
Middle East,2007,13.4840841,13.4840841,2.213906862,0.538806038,0.405937867,3.672878888,3.140301735,0.440787831,3.071464883,47.87687901,4.434311569
Middle East,2008,14.77510121,14.77510121,2.365326995,0.561310949,0.408278322,3.786589516,3.491935109,0.529636134,3.632024188,50.79574558,4.714353995
Middle East,2009,15.34259791,15.34259791,2.412163108,0.595594207,0.368173909,4.126875818,3.28280619,0.535822059,4.021162618,47.66269912,4.604019246
Middle East,2010,15.96487594,15.96487594,2.474186303,0.611757166,0.325740275,4.22556498,3.248085391,0.506238713,4.573303115,49.58761396,4.624544488
Middle East,2011,16.34572031,16.34572031,2.499608348,0.624132224,0.318309321,4.354471857,3.49806585,0.536492752,4.514639958,52.32313802,4.887001276
Middle East,2012,17.19826536,17.19826536,2.666479739,0.646645186,0.334879886,4.639849765,3.70139289,0.619631395,4.589386496,52.59413414,4.967283303
Middle East,2013,17.0618567,17.0618567,2.842998572,0.641194445,0.27846487,4.764411253,3.510297887,0.638699271,4.385790407,51.5691237,4.92159402
Middle East,2014,17.54232047,17.54232047,2.926996556,0.662293422,0.236022198,4.852751691,3.52927947,0.816977134,4.518,52.62921275,4.8736478
Middle East,2015,17.6085495,17.6085495,0.120599336,0.03933279,0.01038744,0.11446218,0.021721585,0.01765264,0.08,55.68526292,4.91419968
Middle East,2016,NA,NA,NA,NA,NA,NA,NA,NA,NA,59.3925976,4.974869244
North America,1980,40.854,40.854,14.01657793,2.4383835,0.55615896,7.632125532,7.193057292,1.920023556,7.079673234,25.55972346,2.991230892
North America,1981,38.104,38.104,13.99858512,2.31168735,0.455301,7.48473453,6.09027977,2.056372405,5.691039825,25.946,3.105
North America,1982,36.234,36.234,13.89522004,2.26201815,0.45323145,7.0017804,5.11271414,2.08105407,5.41198175,27.033,2.99
North America,1983,35.683,35.683,13.95797741,2.31996555,0.42011865,6.94272924,4.417403375,1.999214865,5.61059091,27.167,2.984
North America,1984,36.901,36.901,14.04804258,2.65005594,0.34448652,7.336060812,4.362775632,2.734144806,5.40743371,28.021,3.104
North America,1985,36.904,36.904,14.28837651,2.7400842,0.33319755,7.38561294,3.958452375,2.82410209,5.35817434,28.133,3.088
North America,1986,38.269,38.269,14.68836245,2.92535424,0.29180655,7.452678186,4.514930463,2.738496333,5.65737178,26.844,3.091
North America,1987,39.19,39.19,15.0409112,3.099818733,0.2855979,7.590393927,4.263425315,2.937248246,5.972604676,26.519,3.195
North America,1988,40.747,40.747,15.3580827,3.247515327,0.286587882,7.922480432,4.604154938,3.049503113,6.278675605,26.242,3.305
North America,1989,41.106,41.106,15.40878014,3.337980755,0.25496856,8.0351757,4.726965825,3.084039643,6.258089378,24.953,3.262
North America,1990,40.156,40.156,15.29913932,3.403261506,0.149628465,7.726633389,4.136295888,2.933357637,6.507683793,24.464,3.36
North America,1991,39.594,39.594,15.26037742,3.281276864,0.13948767,7.507089612,4.012379118,3.205245662,6.188143656,24.864,3.535
North America,1992,40.30504788,40.30504788,15.36962783,3.269930958,0.134916516,7.657792564,3.844834968,3.12628895,6.901656087,24.507,3.635
North America,1993,40.65046838,40.65046838,15.76087124,3.290868,0.15195033,7.781530167,3.778059484,3.200366688,6.686822479,23.92,3.749
North America,1994,41.91773472,41.91773472,16.06861497,3.4267212,0.142790445,8.163886428,3.742034974,3.391376439,6.982310267,23.909,3.641
North America,1995,41.56777752,41.56777752,16.3481457,3.40798185,0.14819112,8.22963429,3.198778448,3.418791416,6.816254695,23.663,3.751
North America,1996,42.94881576,42.94881576,16.59666337,3.57068817,0.162674568,8.67070832,3.242449836,3.53899059,7.166640908,24.106,3.841
North America,1997,43.69158886,43.69158886,16.84787086,3.614225265,0.16344909,8.878665474,3.250312987,3.544662569,7.392402618,24.544,3.823
North America,1998,44.59201567,44.59201567,17.33822792,3.679118415,0.18384408,8.959976379,3.594752569,3.436152218,7.399944088,24.368,3.809
North America,1999,45.70862275,45.70862275,17.69504478,3.800649195,0.17025309,9.201271437,3.379523411,3.869058301,7.592822534,23.071,3.935
North America,2000,46.31595424,46.31595424,17.85093591,3.92167251,0.160191108,9.602512513,3.610497103,3.947104679,7.223040416,23.38977933,4.088041497
North America,2001,46.20170803,46.20170803,18.11197168,3.747458925,0.1675485,9.767449396,3.399817847,3.703984763,7.303476926,23.64386099,4.029398962
North America,2002,46.0721436,46.0721436,18.60220737,3.679651395,0.10742949,9.564586705,2.95029106,3.833955884,7.334021699,23.92094246,3.999291212
North America,2003,46.84895207,46.84895207,18.84599776,3.59154243,0.13037598,9.96395877,3.042753969,3.7497624,7.52456077,24.43621189,3.83380315
North America,2004,48.57973367,48.57973367,19.29440397,3.738739032,0.152185068,10.31026204,3.228791957,3.893426418,7.96192518,24.29575494,3.887498065
North America,2005,48.94587047,48.94587047,19.41779275,3.839755185,0.16022853,10.57864552,3.309234751,3.753269795,7.886943947,23.50661489,3.716504508
North America,2006,48.46936943,48.46936943,19.673859,3.74791536,0.12304467,10.72691189,2.533170614,3.785284779,7.879183115,23.46095905,3.797284062
North America,2007,48.44832827,48.44832827,19.88420997,3.74258556,0.07898877,10.87443001,2.629135382,3.811429193,7.427549384,23.20931479,3.897565433
North America,2008,45.68982431,45.68982431,19.42841042,3.559464972,0.04025445,10.41650675,2.296546795,3.590604218,6.358036702,22.33858442,3.826698157
North America,2009,43.45146581,43.45146581,19.41880415,3.206336805,0.047607129,9.599875434,1.973718776,3.684585912,5.520537612,22.59719687,3.933299049
North America,2010,44.25741705,44.25741705,19.47720744,3.296053215,0.053697996,10.09357664,1.933916726,3.835955213,5.56700982,23.15301586,4.087085626
North America,2011,43.73990705,43.73990705,19.04176434,3.2884299,0.055732239,10.40106404,1.763211359,3.900820123,5.288885047,23.80031206,4.27052076
North America,2012,43.01858852,43.01858852,18.97029477,3.280087062,0.039379959,10.0775562,1.558379582,3.967853899,5.125037053,26.16613871,4.556176038
North America,2013,43.51762946,43.51762946,19.23213005,3.35944665,0.044595627,10.23125483,1.382156085,4.189350506,5.078695721,28.47723835,4.883474438
North America,2014,43.49451964,43.49451964,19.33755196,3.437471747,0.041959077,10.65327267,1.101282976,4.113981207,4.809,31.60803204,5.485645254
North America,2015,44.14909098,44.14909098,19.85373649,3.60875088,0.03468906,10.51456172,1.033086127,4.173322549,4.912,32.4810504,5.975283516
North America,2016,NA,NA,NA,NA,NA,NA,NA,NA,NA,31.16590871,6.315026028
World,1980,131.883493,131.883493,20.69818975,3.6835155,1.75978656,19.76020531,22.80102518,1.974699939,16.01557776,128.0372138,5.10204183
World,1981,124.887928,124.887928,20.58072575,3.5389305,1.7301438,18.61798716,19.28053151,2.064166615,13.60751467,120.108,5.372
World,1982,122.129414,122.129414,20.57518834,3.38785335,1.58320575,18.0527832,17.15558838,2.08884828,13.43053271,114.452,5.355
World,1983,120.525235,120.525235,20.67486181,3.43752255,1.52525835,17.96209749,15.8085672,2.007009075,13.13968354,113.956,5.359
World,1984,123.085654,123.085654,20.78147854,3.979856916,1.528652412,18.83458011,14.33250031,4.545010985,12.34892073,116.87,5.716
World,1985,123.048012,123.048012,21.01319786,4.12212969,1.48027824,19.26101211,12.80748661,4.625084214,12.28081128,115.368,5.804
World,1986,127.2279744,127.2279744,29.53251084,5.706806162,4.453308725,31.3541257,29.44868989,5.74964429,20.98288883,120.439,6.144
World,1987,129.6351512,129.6351512,30.28209225,6.79700588,3.657925272,32.23006399,28.94526775,6.176393249,21.54640285,121.121,6.327
World,1988,133.6130645,133.6130645,31.5088896,7.491531437,3.572465867,33.0236116,29.18541448,6.32483159,22.50631988,125.849,6.667
World,1989,135.3992795,135.3992795,31.40378795,7.828062979,3.323484875,33.99357271,29.52303162,7.130408411,22.19693094,127.857,6.691
World,1990,136.1654263,136.1654263,31.80358931,7.871607081,3.366924336,34.57324121,29.26225041,7.356376004,21.93143799,129.36,6.876
World,1991,137.2903981,137.2903981,32.00828909,7.578111347,3.295844635,35.31958677,29.0657303,7.819869301,22.2029667,128.609,7.116
World,1992,137.5423065,137.5423065,31.78266446,7.5908353,3.559774612,35.84927105,27.27697789,7.508458694,23.97432454,128.898,7.172
World,1993,137.3304246,137.3304246,32.17819417,7.688404103,3.573995414,37.12695093,26.13351231,7.656786673,22.97258096,128.732,7.475
World,1994,140.2296144,140.2296144,32.6247475,7.957624208,3.629967501,37.58291866,25.89525082,8.024880291,24.51422545,130.852,7.985
World,1995,142.4450105,142.4450105,33.17831453,8.193807419,3.754420558,38.29496474,25.76437177,8.267805126,24.99132632,133.539,8.297
World,1996,145.7134337,145.7134337,33.79516234,8.489743923,3.87457219,39.09813155,24.81333656,8.6541128,26.98837439,136.875,8.504
World,1997,148.9987956,148.9987956,34.32229896,8.596989878,3.791254235,40.61055891,25.44823025,8.812753215,27.41671013,140.767,8.698
World,1998,150.376713,150.376713,35.07415349,8.822375447,3.761635521,40.16248511,25.6719323,8.67646986,28.20766124,143.391,8.956
World,1999,153.4302626,153.4302626,35.65035566,9.052434248,3.755888231,41.55903931,24.91401883,8.995983659,29.50254267,141.05,9.201
World,2000,156.1570026,156.1570026,36.60432212,9.778736645,3.927342283,43.01398685,24.47335591,9.443951574,28.91530719,146.9008912,9.510923254
World,2001,157.2727855,157.2727855,36.98319505,9.468043396,3.866280079,44.44449217,23.85226922,9.534206224,29.12429932,145.6472421,10.0086973
World,2002,158.3491182,158.3491182,37.38136482,9.499906175,3.611861997,44.35532575,23.46053472,9.805032015,30.23509275,143.7996346,10.19285165
World,2003,161.7773506,161.7773506,37.79531893,9.533316926,3.568244278,45.73411206,23.48368961,9.751870884,31.91079793,148.4715541,10.60485472
World,2004,168.2847648,168.2847648,38.69608658,10.14202362,3.376455182,48.12072438,23.61758833,10.1659032,34.16598348,155.6038177,11.31861812
World,2005,171.2184431,171.2184431,39.05061718,10.55942919,3.511441513,49.24993841,23.69594404,10.07430341,35.07676933,157.8931504,11.83933217
World,2006,173.0097174,173.0097174,39.40677071,10.73571655,3.208492081,50.14501505,23.08011927,10.4992222,35.93438156,157.1061886,12.24307773
World,2007,175.4033832,175.4033832,40.07678059,11.04825795,2.586336901,51.22140044,22.63086099,10.70400073,37.13574557,156.3864096,12.53128341
World,2008,174.2909787,174.2909787,39.74320039,10.99303573,2.742310208,52.13771694,21.66321339,10.45735061,36.5301514,158.7005852,12.77590424
World,2009,171.3472989,171.3472989,40.50779255,10.41078546,2.529132302,51.31121319,20.08082583,10.60261699,35.87993261,155.7482865,12.9620567
World,2010,178.0086277,178.0086277,41.27500995,10.98083275,2.478959226,53.53699811,20.21689903,11.20544814,38.31448052,159.4240034,13.43036628
World,2011,179.2013755,179.2013755,41.33864364,11.23755982,2.282018382,54.81364268,19.64949869,11.49653309,38.38347921,159.6636885,13.74218634
World,2012,182.0122099,182.0122099,42.20173192,11.48050166,2.245814755,55.81850061,19.72041791,11.70989656,38.83534648,163.2003737,14.36091937
World,2013,183.2925227,183.2925227,43.40369923,11.67226722,2.091639621,56.50487173,18.21457377,12.29122468,39.11424649,162.9675446,14.47321965
World,2014,185.6566137,185.6566137,44.2069657,11.95463182,1.951366857,57.28491224,17.05927014,12.94146691,40.258,166.9787134,15.11812351
World,2015,189.0739771,189.0739771,26.32246378,7.2949086,0.92153943,27.7649194,4.599412025,6.862136372,15.68,171.7658262,15.78103872
World,2016,NA,NA,NA,NA,NA,NA,NA,NA,NA,172.4688214,16.11571865
